{
  "lang":"es",
  "name":"pipeline",
  "version":"0.0.0",
  "spacy_version":">=3.5.3,<3.6.0",
  "description":"",
  "author":"",
  "email":"",
  "url":"",
  "license":"",
  "spacy_git_version":"Unknown",
  "vectors":{
    "width":300,
    "vectors":20000,
    "keys":500000,
    "name":"es_vectors",
    "mode":"default"
  },
  "labels":{
    "tok2vec":[

    ],
    "ner":[
      " ORG",
      "CIFRA VICTIMAS",
      "DATES",
      "IMPACT",
      "LOC",
      "MISC",
      "PER",
      "TIPO DAMNIFICADOS"
    ]
  },
  "pipeline":[
    "tok2vec",
    "ner"
  ],
  "components":[
    "tok2vec",
    "ner"
  ],
  "disabled":[

  ],
  "performance":{
    "ents_f":0.6658991727,
    "ents_p":0.631814256,
    "ents_r":0.7038714059,
    "ents_per_type":{
      "DATES":{
        "p":0.8022064618,
        "r":0.8292153136,
        "f":0.8154873164
      },
      "LOC":{
        "p":0.5810097965,
        "r":0.6847246892,
        "f":0.6286180188
      },
      "IMPACT":{
        "p":0.5159101544,
        "r":0.724137931,
        "f":0.6025413308
      },
      "TIPO DAMNIFICADOS":{
        "p":0.5390869293,
        "r":0.5969529086,
        "f":0.5665461715
      },
      "MISC":{
        "p":0.6656891496,
        "r":0.402125775,
        "f":0.5013804528
      },
      " ORG":{
        "p":0.7326549491,
        "r":0.8625102096,
        "f":0.7922971114
      },
      "CIFRA VICTIMAS":{
        "p":0.2248803828,
        "r":0.1972027972,
        "f":0.2101341282
      },
      "PER":{
        "p":0.6143958869,
        "r":0.3976705491,
        "f":0.4828282828
      }
    },
    "tok2vec_loss":48.7308054737,
    "ner_loss":2491.5623659568
  }
}